LGG001,verdi
4601,285601
4602,17160
4611,4053
4612,5798
4613,11953
4614,18861
4615,3147
4616,2924
4617,13039
4618,11002
4619,903
4620,1061
4621,15787
4622,8461
4623,2504
4624,25049
4625,5276
4626,38664
4627,29594
4628,3918
4629,376
4630,8080
4631,29337
4632,2860
4633,525
4634,1660
4635,2272
4636,786
4637,1294
4638,4049
4639,2611
4640,11938
4641,1777
4642,2129
4643,5170
4644,5189
4645,2991
4646,2885
4647,22020
4648,3597
4649,9517
4650,5885
4651,7118
